"Epic","Feature","Story","FAILED","BROKEN","PASSED","SKIPPED","UNKNOWN"
"","To test Anonymous user Stream API","","0","0","6","0","0"
"","To test streams APIs","","0","0","15","0","0"
"","To test working of save items APIs from end to end prespective","","0","0","24","0","0"
"","Verify working of SignIN API with negative Scenario","","0","0","12","0","0"
"","Verify end to end working of Sign IN and Log Out API","","0","0","13","0","0"
"","Verify different Scenarios for Sign Up API on Production enviornment.","","0","0","18","0","0"
"","To test firebase push notification API only for iOS and Android","","0","0","4","0","0"
"","To test working of app policy API","","0","0","7","0","0"
"","To test tool box APIs","","0","0","1","0","0"
"","Verify working of Reset Password API","","0","0","6","0","0"
"","To test app usage tracking API","","0","0","1","0","0"
